iter	Passed	Remaining
0	1256	626831
1	2348	584826
2	3296	546074
3	4464	553582
4	5644	558790
5	6644	547023
6	7659	539419
7	8661	532652
8	9605	524042
9	10586	518749
10	11524	512310
11	12469	507073
12	13457	504146
13	14401	499924
14	15343	496112
15	16367	495120
16	17334	492504
17	18260	488975
18	19171	485341
19	20114	482747
20	21040	479927
21	21988	477748
22	23008	477174
23	23964	475298
24	24931	473701
25	25866	471567
26	26825	469939
27	27789	468459
28	28719	466447
29	29649	464513
30	30542	462071
31	31449	459945
32	32350	457802
33	33271	456013
34	34159	453839
35	35030	451504
36	35975	450181
37	37015	450032
38	38023	449454
39	39094	449589
40	40018	448012
41	40924	446272
42	41792	444170
43	42657	442082
44	43559	440431
45	44446	438668
46	45393	437514
47	46300	435993
48	47209	434521
49	48129	433166
50	48995	431355
51	49888	429807
52	50765	428154
53	51613	426285
54	52503	424800
55	53382	423250
56	54268	421770
57	55213	420768
58	56183	419944
59	57074	418546
60	57973	417217
61	58927	416293
62	59783	414690
63	60717	413638
64	61596	412220
65	62461	410734
66	63325	409253
67	64208	407911
68	65096	406618
69	66076	405897
70	66932	404424
71	67802	403047
72	68701	401857
73	69591	400620
74	70431	399112
75	71313	397852
76	72201	396641
77	73116	395578
78	74014	394429
79	74912	393293
80	75790	392052
81	76685	390906
82	77614	389944
83	78505	388790
84	79426	387788
85	80344	386773
86	81228	385599
87	82137	384551
88	82979	383199
89	83835	381918
90	84717	380762
91	85593	379589
92	86497	378544
93	87359	377317
94	88234	376157
95	89160	375218
96	90056	374153
97	90942	373048
98	91836	371984
99	92747	370988
100	93631	369892
101	94559	368965
102	95452	367909
103	96321	366764
104	97195	365639
105	98066	364512
106	98899	363249
107	99785	362185
108	100630	360978
109	101525	359955
110	102393	358837
111	103301	357865
112	104186	356814
113	105032	355636
114	105876	354457
115	106750	353381
116	107629	352325
117	108508	351272
118	109401	350267
119	110274	349202
120	111124	348066
121	112033	347119
122	112933	346146
123	113812	345109
124	114685	344055
125	115545	342967
126	116403	341879
127	117272	340823
128	118151	339800
129	119009	338718
130	119900	337736
131	120767	336686
132	121676	335754
133	122555	334740
134	123435	333734
135	124380	332901
136	125255	331882
137	126139	330887
138	127039	329937
139	127934	328973
140	128820	327988
141	129692	326970
142	130563	325952
143	131424	324909
144	132279	323856
145	133134	322806
146	134003	321789
147	134868	320767
148	135746	319779
149	136600	318733
150	137488	317772
151	138351	316751
152	139220	315747
153	140070	314704
154	140971	313775
155	141809	312708
156	142681	311717
157	143569	310764
158	144427	309745
159	145321	308808
160	146174	307783
161	147017	306739
162	147884	305748
163	148787	304832
164	149653	303841
165	150522	302859
166	151411	301916
167	152308	300989
168	153187	300029
169	154085	299106
170	154946	298114
171	155779	297068
172	156669	296131
173	157543	295167
174	158451	294267
175	159286	293232
176	160167	292283
177	161116	291458
178	161998	290510
179	162845	289503
180	163698	288506
181	164604	287605
182	165494	286676
183	166392	285761
184	167268	284809
185	168136	283842
186	168983	282844
187	169865	281904
188	170735	280946
189	171591	279965
190	172443	278979
191	173313	278024
192	174216	277121
193	175237	276406
194	176192	275583
195	177104	274692
196	178003	273782
197	178889	272851
198	179754	271889
199	180590	270885
200	181572	270099
201	182448	269157
202	183301	268179
203	184175	267234
204	185033	266267
205	185852	265245
206	186723	264299
207	187617	263386
208	188544	262518
209	189438	261605
210	190315	260669
211	191187	259726
212	192093	258829
213	192990	257922
214	193835	256944
215	194681	255970
216	195545	255019
217	196421	254086
218	197295	253150
219	198204	252259
220	199071	251316
221	199948	250385
222	200783	249403
223	201638	248447
224	202495	247494
225	203409	246611
226	204265	245658
227	205138	244726
228	206046	243837
229	206888	242869
230	207782	241963
231	208646	241022
232	209512	240084
233	210431	239208
234	211266	238236
235	212146	237316
236	212997	236363
237	213897	235467
238	214781	234552
239	215669	233642
240	216520	232691
241	217365	231737
242	218195	230765
243	219082	229857
244	219954	228932
245	220888	228071
246	221770	227157
247	222642	226233
248	223511	225306
249	224382	224382
250	225277	223482
251	226174	222584
252	227083	221697
253	227976	220796
254	228817	219843
255	229696	218929
256	230541	217982
257	231417	217065
258	232277	216134
259	233165	215229
260	234032	214305
261	234876	213361
262	235746	212440
263	236635	211537
264	237631	210729
265	238546	209849
266	239531	209029
267	240402	208109
268	241308	207220
269	242171	206294
270	243007	205345
271	243870	204420
272	244727	203491
273	245566	202547
274	246432	201626
275	247292	200701
276	248143	199768
277	249072	198899
278	249922	197967
279	250774	197037
280	251694	196160
281	252585	195261
282	253492	194374
283	254370	193464
284	255301	192595
285	256135	191653
286	257007	190740
287	257881	189829
288	258748	188913
289	259604	187989
290	260478	187078
291	261360	186174
292	262227	185259
293	263157	184388
294	264032	183479
295	264931	182588
296	265777	181659
297	266687	180774
298	267530	179844
299	268358	178905
300	269235	177999
301	270155	177121
302	271043	176223
303	271917	175315
304	272796	174410
305	273661	173497
306	274502	172569
307	275372	171660
308	276202	170726
309	277105	169838
310	277994	168942
311	278865	168034
312	279758	167139
313	280689	166268
314	281727	165459
315	282635	164572
316	283472	163645
317	284349	162740
318	285217	161831
319	286090	160925
320	287007	160044
321	287913	159157
322	288785	158250
323	289655	157343
324	290544	156447
325	291421	155544
326	292320	154652
327	293191	153746
328	294117	152869
329	294973	151956
330	295850	151053
331	296670	150122
332	297515	149204
333	298369	148291
334	299238	147386
335	300095	146475
336	300956	145566
337	301892	144693
338	302726	143772
339	303581	142862
340	304437	141951
341	305307	141048
342	306240	140174
343	307144	139286
344	308019	138385
345	308897	137486
346	309783	136590
347	310637	135680
348	311517	134782
349	312337	133858
350	313223	132963
351	314093	132061
352	314980	131167
353	315828	130257
354	316707	129359
355	317565	128453
356	318406	127541
357	319248	126629
358	320134	125735
359	321020	124841
360	321937	123959
361	322831	123068
362	323688	122163
363	324574	121269
364	325485	120384
365	326350	119483
366	327200	118576
367	328069	117677
368	328939	116778
369	329791	115872
370	330697	114986
371	331610	114102
372	332462	113197
373	333343	112302
374	334217	111405
375	335073	110502
376	335975	109615
377	336825	108710
378	337676	107806
379	338517	106900
380	339410	106010
381	340392	105147
382	341304	104262
383	342240	103385
384	343712	102667
385	345210	101953
386	346696	101231
387	348174	100504
388	349621	99763
389	351180	99050
390	352712	98326
391	354099	97558
392	355757	96860
393	357582	96202
394	358593	95322
395	359493	94412
396	360405	93505
397	361267	92586
398	362168	91676
399	363023	90755
400	363878	89835
401	364756	88920
402	365631	88005
403	366567	87105
404	367460	86194
405	368338	85280
406	369218	84366
407	370046	83441
408	370992	82543
409	371875	81631
410	372757	80718
411	373719	79823
412	374599	78910
413	375438	77989
414	376295	77072
415	377157	76156
416	378026	75242
417	378885	74326
418	379784	73418
419	380660	72506
420	381515	71590
421	382369	70674
422	383222	69759
423	384071	68843
424	384948	67932
425	385833	67022
426	386696	66109
427	387566	65198
428	388484	64294
429	389398	63390
430	390339	62490
431	391175	61573
432	392044	60662
433	392926	59753
434	393820	58846
435	394713	57939
436	395578	57028
437	396472	56121
438	397372	55215
439	398259	54308
440	399114	53396
441	399999	52488
442	400896	51582
443	401754	50671
444	402618	49761
445	403525	48857
446	404399	47948
447	405233	47035
448	406138	46131
449	407037	45226
450	407909	44318
451	408774	43409
452	409657	42503
453	410527	41595
454	411403	40688
455	412278	39781
456	413159	38874
457	414021	37967
458	414933	37063
459	415789	36155
460	416675	35250
461	417554	34344
462	418538	33446
463	419562	32552
464	420414	31644
465	421273	30736
466	422133	29829
467	423013	28924
468	423851	28015
469	424718	27109
470	425612	26205
471	426476	25299
472	427335	24393
473	428193	23487
474	429038	22580
475	429938	21677
476	430818	20773
477	431680	19868
478	432546	18963
479	433418	18059
480	434272	17154
481	435169	16251
482	436048	15347
483	436910	14443
484	437764	13539
485	438667	12636
486	439549	11733
487	440442	10830
488	441325	9927
489	442213	9024
490	443100	8122
491	443959	7218
492	444861	6316
493	445763	5414
494	446658	4511
495	447517	3609
496	448423	2706
497	449306	1804
498	450179	902
499	451026	0
